<?xml version="1.0" encoding="UTF-8"?>
<!DOCTYPE mapper
  PUBLIC "-//mybatis.org//DTD Mapper 3.0//EN"
  "http://mybatis.org/dtd/mybatis-3-mapper.dtd">
<mapper namespace="member.mapper.MemberMapper">
	<insert id="registerMember" parameterType="member.MemberDTO">
		insert into member(id,pass,name,age,grade) values(#{id},#{pass},#{name},#{age},#{grade})
	</insert>
	<select id="selectAllMember" resultType="member.MemberDTO">
		select * from member
	</select>
	<delete id="deleteMember" parameterType="String">
		delete from member where id = #{id}
	</delete>
	<insert id="insertLog" parameterType="map">
		insert into MEMBERLOG values(to_date(#{log_date},'YYYY/MM/DD HH24:MI:SS'), #{code_number}, #{message})
	</insert>
</mapper>